<configs>
	<set xpath="/items/item[@name='vehicleBicyclePlaceable']/property[@name='EconomicValue']/@value">100</set>
	<set xpath="/items/item[@name='vehicleMinibikePlaceable']/property[@name='EconomicValue']/@value">600</set>
	<set xpath="/items/item[@name='vehicleMotorcyclePlaceable']/property[@name='EconomicValue']/@value">2000</set>
	<set xpath="/items/item[@name='vehicle4x4TruckPlaceable']/property[@name='EconomicValue']/@value">3000</set>
	<set xpath="/items/item[@name='vehicleGyrocopterPlaceable']/property[@name='EconomicValue']/@value">5000</set>	

	<append xpath="/items/item[@name='qt_taylor']">
	<property name="EconomicValue" value="200"/>
	</append>
	
	<append xpath="/items/item[@name='qt_nickole']">
	<property name="EconomicValue" value="200"/>
	</append>
	
	<append xpath="/items/item[@name='qt_stephan']">
	<property name="EconomicValue" value="200"/>
	</append>
	
	<append xpath="/items/item[@name='qt_jennifer']">
	<property name="EconomicValue" value="200"/>
	</append>
	
	<append xpath="/items/item[@name='qt_claude']">
	<property name="EconomicValue" value="200"/>
	</append>
	
	<append xpath="/items/item[@name='qt_sarah']">
	<property name="EconomicValue" value="200"/>
	</append>
	
	<append xpath="/items/item[@name='qt_raphael']">
	<property name="EconomicValue" value="200"/>
	</append>
	
</configs>