<configs>
	<append xpath="traders/trader_item_groups/trader_item_group[@name='traderAlways']">
		<item name="vehicle4x4TruckPlaceable" count="1,2"/>
		<item name="vehicleGyrocopterPlaceable" count="1,2"/>
		<item name="vehicleMotorcyclePlaceable" count="1,2"/>
		<item name="vehicleBicyclePlaceable" count="1,3"/>
		<item name="vehicleMinibikePlaceable" count="1,2"/>
		<item name="qt_taylor" count="1,2"/>
		<item name="qt_nickole" count="1,2"/>
		<item name="qt_stephan" count="1,2"/>
		<item name="qt_jennifer" count="1,2"/>
		<item name="qt_claude" count="1,2"/>
		<item name="qt_sarah" count="1,2"/>
		<item name="qt_raphael" count="1,2"/>
	</append>
</configs>
