<configs>
	<append xpath="/item_modifiers">
		<item_modifier name="modFaceMask" installable_tags="head" modifier_tags="rare" blocked_tags="lowerbody,legs,noMods,feet,upperbody,chest" type="attachment">
		<property name="CustomIcon" value="FM"/>
		<property name="Stacknumber" value="1"/> <property name="Group" value="Mods"/>
		<property name="DropMeshfile" value="#@modfolder:Resources/FM.unity3d?faceMask.prefab"/>
		<property name="EconomicValue" value="4"/>
		<property name="DisplayType" value="clothing"/>
		<item_property_overrides name="*">
			<property name="UMA.Mesh" value=""/>
			<property name="UMA.Overlay0" value=""/>
			<property name="UMA.ShowAltHair" value="true"/>
		</item_property_overrides>

		<effect_group tiered="true">
			<passive_effect name="HypothermalResist" operation="base_add" value="1.2,1.5"/>
			<passive_effect name="BarteringBuying" operation="base_add" value=".1"/>
			<passive_effect name="BarteringSelling" operation="base_add" value=".1"/>
			<passive_effect name="BuffResistance" operation="base_add" value=".05" tags="buffInfectionCatch"/>
			<triggered_effect trigger="onSelfEquipStart" action="AttachPrefabToEntity" prefab="#@modfolder:Resources/FM.unity3d?faceMask.prefab" parent_transform="Hips/LowerBack/Spine/Spine1/Neck/Head" local_offset="-0.02,0,0.11" local_rotation="0,0,90">
				<requirement name="!IsFPV"/>
			</triggered_effect>
				
            <triggered_effect trigger="onSelfEquipStart" action="RemovePrefabFromEntity" prefab="FaceMask">
					<requirement name="IsFPV"/>
			</triggered_effect>
			<triggered_effect trigger="onSelfEquipStop" action="RemovePrefabFromEntity" prefab="FaceMask"/>
		</effect_group>
	</item_modifier>
	
	<item_modifier name="modFaceMask1" installable_tags="head" modifier_tags="rare" blocked_tags="lowerbody,legs,noMods,feet,upperbody,chest" type="attachment">
		<property name="CustomIcon" value="FM1"/>
		<property name="Stacknumber" value="1"/> <property name="Group" value="Mods"/>
		<property name="DropMeshfile" value="#@modfolder:Resources/FM.unity3d?faceMask1.prefab"/>
		<property name="EconomicValue" value="4"/>
		<property name="DisplayType" value="clothing"/>
		<item_property_overrides name="*">
			<property name="UMA.Mesh" value=""/>
			<property name="UMA.Overlay0" value=""/>
			<property name="UMA.ShowAltHair" value="true"/>
		</item_property_overrides>

		<effect_group tiered="true">
			<passive_effect name="HypothermalResist" operation="base_add" value="1.2,1.5"/>
			<passive_effect name="BarteringBuying" operation="base_add" value=".1"/>
			<passive_effect name="BarteringSelling" operation="base_add" value=".1"/>
			<passive_effect name="BuffResistance" operation="base_add" value=".05" tags="buffInfectionCatch"/>
			<triggered_effect trigger="onSelfEquipStart" action="AttachPrefabToEntity" prefab="#@modfolder:Resources/FM.unity3d?faceMask1.prefab" parent_transform="Hips/LowerBack/Spine/Spine1/Neck/Head" local_offset="-0.02,0,0.11" local_rotation="0,0,90">
				<requirement name="!IsFPV"/>
			</triggered_effect>
				
            <triggered_effect trigger="onSelfEquipStart" action="RemovePrefabFromEntity" prefab="FaceMask1">
					<requirement name="IsFPV"/>
			</triggered_effect>
			<triggered_effect trigger="onSelfEquipStop" action="RemovePrefabFromEntity" prefab="FaceMask1"/>
		</effect_group>
	</item_modifier>
	
	<item_modifier name="modFaceMask2" installable_tags="head" modifier_tags="rare" blocked_tags="lowerbody,legs,noMods,feet,upperbody,chest" type="attachment">
		<property name="CustomIcon" value="FM2"/>
		<property name="Stacknumber" value="1"/> <property name="Group" value="Mods"/>
		<property name="DropMeshfile" value="#@modfolder:Resources/FM.unity3d?faceMask2.prefab"/>
		<property name="EconomicValue" value="4"/>
		<property name="DisplayType" value="clothing"/>
		<item_property_overrides name="*">
			<property name="UMA.Mesh" value=""/>
			<property name="UMA.Overlay0" value=""/>
			<property name="UMA.ShowAltHair" value="true"/>
		</item_property_overrides>

		<effect_group tiered="true">
			<passive_effect name="HypothermalResist" operation="base_add" value="1.2,1.5"/>
			<passive_effect name="BarteringBuying" operation="base_add" value=".1"/>
			<passive_effect name="BarteringSelling" operation="base_add" value=".1"/>
			<passive_effect name="BuffResistance" operation="base_add" value=".05" tags="buffInfectionCatch"/>
			<triggered_effect trigger="onSelfEquipStart" action="AttachPrefabToEntity" prefab="#@modfolder:Resources/FM.unity3d?faceMask2.prefab" parent_transform="Hips/LowerBack/Spine/Spine1/Neck/Head" local_offset="-0.02,0,0.11" local_rotation="0,0,90">
				<requirement name="!IsFPV"/>
			</triggered_effect>
				
            <triggered_effect trigger="onSelfEquipStart" action="RemovePrefabFromEntity" prefab="FaceMask2">
					<requirement name="IsFPV"/>
			</triggered_effect>
			<triggered_effect trigger="onSelfEquipStop" action="RemovePrefabFromEntity" prefab="FaceMask2"/>
		</effect_group>
	</item_modifier>
	
	<item_modifier name="modFaceMask3" installable_tags="head" modifier_tags="rare" blocked_tags="lowerbody,legs,noMods,feet,upperbody,chest" type="attachment">
		<property name="CustomIcon" value="FM3"/>
		<property name="Stacknumber" value="1"/> <property name="Group" value="Mods"/>
		<property name="DropMeshfile" value="#@modfolder:Resources/FM.unity3d?faceMask3.prefab"/>
		<property name="EconomicValue" value="4"/>
		<property name="DisplayType" value="clothing"/>
		<item_property_overrides name="*">
			<property name="UMA.Mesh" value=""/>
			<property name="UMA.Overlay0" value=""/>
			<property name="UMA.ShowAltHair" value="true"/>
		</item_property_overrides>

		<effect_group tiered="true">
			<passive_effect name="HypothermalResist" operation="base_add" value="1.2,1.5"/>
			<passive_effect name="BarteringBuying" operation="base_add" value=".1"/>
			<passive_effect name="BarteringSelling" operation="base_add" value=".1"/>
			<passive_effect name="BuffResistance" operation="base_add" value=".05" tags="buffInfectionCatch"/>
			<triggered_effect trigger="onSelfEquipStart" action="AttachPrefabToEntity" prefab="#@modfolder:Resources/FM.unity3d?faceMask3.prefab" parent_transform="Hips/LowerBack/Spine/Spine1/Neck/Head" local_offset="-0.02,0,0.11" local_rotation="0,0,90">
				<requirement name="!IsFPV"/>
			</triggered_effect>
				
            <triggered_effect trigger="onSelfEquipStart" action="RemovePrefabFromEntity" prefab="FaceMask3">
					<requirement name="IsFPV"/>
			</triggered_effect>
			<triggered_effect trigger="onSelfEquipStop" action="RemovePrefabFromEntity" prefab="FaceMask3"/>
		</effect_group>
	</item_modifier>
	
	<item_modifier name="modFaceMask4" installable_tags="head" modifier_tags="rare" blocked_tags="lowerbody,legs,noMods,feet,upperbody,chest" type="attachment">
		<property name="CustomIcon" value="FM4"/>
		<property name="Stacknumber" value="1"/> <property name="Group" value="Mods"/>
		<property name="DropMeshfile" value="#@modfolder:Resources/FM.unity3d?faceMask4.prefab"/>
		<property name="EconomicValue" value="4"/>
		<property name="DisplayType" value="clothing"/>
		<item_property_overrides name="*">
			<property name="UMA.Mesh" value=""/>
			<property name="UMA.Overlay0" value=""/>
			<property name="UMA.ShowAltHair" value="true"/>
		</item_property_overrides>

		<effect_group tiered="true">
			<passive_effect name="HypothermalResist" operation="base_add" value="1.2,1.5"/>
			<passive_effect name="BarteringBuying" operation="base_add" value=".1"/>
			<passive_effect name="BarteringSelling" operation="base_add" value=".1"/>
			<passive_effect name="BuffResistance" operation="base_add" value=".05" tags="buffInfectionCatch"/>
			<triggered_effect trigger="onSelfEquipStart" action="AttachPrefabToEntity" prefab="#@modfolder:Resources/FM.unity3d?faceMask4.prefab" parent_transform="Hips/LowerBack/Spine/Spine1/Neck/Head" local_offset="-0.02,0,0.11" local_rotation="0,0,90">
				<requirement name="!IsFPV"/>
			</triggered_effect>
				
            <triggered_effect trigger="onSelfEquipStart" action="RemovePrefabFromEntity" prefab="FaceMask4">
					<requirement name="IsFPV"/>
			</triggered_effect>
			<triggered_effect trigger="onSelfEquipStop" action="RemovePrefabFromEntity" prefab="FaceMask4"/>
		</effect_group>
	</item_modifier>
	
	<item_modifier name="modFaceMask5" installable_tags="head" modifier_tags="rare" blocked_tags="lowerbody,legs,noMods,feet,upperbody,chest" type="attachment">
		<property name="CustomIcon" value="FM5"/>
		<property name="Stacknumber" value="1"/> <property name="Group" value="Mods"/>
		<property name="DropMeshfile" value="#@modfolder:Resources/FM.unity3d?faceMask5.prefab"/>
		<property name="EconomicValue" value="4"/>
		<property name="DisplayType" value="clothing"/>
		<item_property_overrides name="*">
			<property name="UMA.Mesh" value=""/>
			<property name="UMA.Overlay0" value=""/>
			<property name="UMA.ShowAltHair" value="true"/>
		</item_property_overrides>

		<effect_group tiered="true">
			<passive_effect name="HypothermalResist" operation="base_add" value="1.2,1.5"/>
			<passive_effect name="BarteringBuying" operation="base_add" value=".1"/>
			<passive_effect name="BarteringSelling" operation="base_add" value=".1"/>
			<passive_effect name="BuffResistance" operation="base_add" value=".05" tags="buffInfectionCatch"/>
			<triggered_effect trigger="onSelfEquipStart" action="AttachPrefabToEntity" prefab="#@modfolder:Resources/FM.unity3d?faceMask5.prefab" parent_transform="Hips/LowerBack/Spine/Spine1/Neck/Head" local_offset="-0.02,0,0.11" local_rotation="0,0,90">
				<requirement name="!IsFPV"/>
			</triggered_effect>
				
            <triggered_effect trigger="onSelfEquipStart" action="RemovePrefabFromEntity" prefab="FaceMask5">
					<requirement name="IsFPV"/>
			</triggered_effect>
			<triggered_effect trigger="onSelfEquipStop" action="RemovePrefabFromEntity" prefab="FaceMask5"/>
		</effect_group>
	</item_modifier>
	
	<item_modifier name="modFaceMask6" installable_tags="head" modifier_tags="rare" blocked_tags="lowerbody,legs,noMods,feet,upperbody,chest" type="attachment">
		<property name="CustomIcon" value="FM6"/>
		<property name="Stacknumber" value="1"/> <property name="Group" value="Mods"/>
		<property name="DropMeshfile" value="#@modfolder:Resources/FM.unity3d?faceMask6.prefab"/>
		<property name="EconomicValue" value="4"/>
		<property name="DisplayType" value="clothing"/>
		<item_property_overrides name="*">
			<property name="UMA.Mesh" value=""/>
			<property name="UMA.Overlay0" value=""/>
			<property name="UMA.ShowAltHair" value="true"/>
		</item_property_overrides>

		<effect_group tiered="true">
			<passive_effect name="HypothermalResist" operation="base_add" value="1.2,1.5"/>
			<passive_effect name="BarteringBuying" operation="base_add" value=".1"/>
			<passive_effect name="BarteringSelling" operation="base_add" value=".1"/>
			<passive_effect name="BuffResistance" operation="base_add" value=".05" tags="buffInfectionCatch"/>
			<triggered_effect trigger="onSelfEquipStart" action="AttachPrefabToEntity" prefab="#@modfolder:Resources/FM.unity3d?faceMask6.prefab" parent_transform="Hips/LowerBack/Spine/Spine1/Neck/Head" local_offset="-0.02,0,0.11" local_rotation="0,0,90">
				<requirement name="!IsFPV"/>
			</triggered_effect>
				
            <triggered_effect trigger="onSelfEquipStart" action="RemovePrefabFromEntity" prefab="FaceMask6">
					<requirement name="IsFPV"/>
			</triggered_effect>
			<triggered_effect trigger="onSelfEquipStop" action="RemovePrefabFromEntity" prefab="FaceMask6"/>
		</effect_group>
	</item_modifier>
	
	<item_modifier name="modFaceMask7" installable_tags="head" modifier_tags="rare" blocked_tags="lowerbody,legs,noMods,feet,upperbody,chest" type="attachment">
		<property name="CustomIcon" value="FM7"/>
		<property name="Stacknumber" value="1"/> <property name="Group" value="Mods"/>
		<property name="DropMeshfile" value="#@modfolder:Resources/FM.unity3d?faceMask7.prefab"/>
		<property name="EconomicValue" value="4"/>
		<property name="DisplayType" value="clothing"/>
		<item_property_overrides name="*">
			<property name="UMA.Mesh" value=""/>
			<property name="UMA.Overlay0" value=""/>
			<property name="UMA.ShowAltHair" value="true"/>
		</item_property_overrides>

		<effect_group tiered="true">
			<passive_effect name="HypothermalResist" operation="base_add" value="1.2,1.5"/>
			<passive_effect name="BarteringBuying" operation="base_add" value=".1"/>
			<passive_effect name="BarteringSelling" operation="base_add" value=".1"/>
			<passive_effect name="BuffResistance" operation="base_add" value=".05" tags="buffInfectionCatch"/>
			<triggered_effect trigger="onSelfEquipStart" action="AttachPrefabToEntity" prefab="#@modfolder:Resources/FM.unity3d?faceMask7.prefab" parent_transform="Hips/LowerBack/Spine/Spine1/Neck/Head" local_offset="-0.02,0,0.11" local_rotation="0,0,90">
				<requirement name="!IsFPV"/>
			</triggered_effect>
				
            <triggered_effect trigger="onSelfEquipStart" action="RemovePrefabFromEntity" prefab="FaceMask7">
					<requirement name="IsFPV"/>
			</triggered_effect>
			<triggered_effect trigger="onSelfEquipStop" action="RemovePrefabFromEntity" prefab="FaceMask7"/>
		</effect_group>
	</item_modifier>
	
	<item_modifier name="modFaceMask8" installable_tags="head" modifier_tags="rare" blocked_tags="lowerbody,legs,noMods,feet,upperbody,chest" type="attachment">
		<property name="CustomIcon" value="FM8"/>
		<property name="Stacknumber" value="1"/> <property name="Group" value="Mods"/>
		<property name="DropMeshfile" value="#@modfolder:Resources/FM.unity3d?faceMask8.prefab"/>
		<property name="EconomicValue" value="4"/>
		<property name="DisplayType" value="clothing"/>
		<item_property_overrides name="*">
			<property name="UMA.Mesh" value=""/>
			<property name="UMA.Overlay0" value=""/>
			<property name="UMA.ShowAltHair" value="true"/>
		</item_property_overrides>

		<effect_group tiered="true">
			<passive_effect name="HypothermalResist" operation="base_add" value="1.2,1.5"/>
			<passive_effect name="BarteringBuying" operation="base_add" value=".1"/>
			<passive_effect name="BarteringSelling" operation="base_add" value=".1"/>
			<passive_effect name="BuffResistance" operation="base_add" value=".05" tags="buffInfectionCatch"/>
			<triggered_effect trigger="onSelfEquipStart" action="AttachPrefabToEntity" prefab="#@modfolder:Resources/FM.unity3d?faceMask8.prefab" parent_transform="Hips/LowerBack/Spine/Spine1/Neck/Head" local_offset="-0.02,0,0.11" local_rotation="0,0,90">
				<requirement name="!IsFPV"/>
			</triggered_effect>
				
            <triggered_effect trigger="onSelfEquipStart" action="RemovePrefabFromEntity" prefab="FaceMask8">
					<requirement name="IsFPV"/>
			</triggered_effect>
			<triggered_effect trigger="onSelfEquipStop" action="RemovePrefabFromEntity" prefab="FaceMask8"/>
		</effect_group>
	</item_modifier>
	
	</append>
</configs>
