<configs>
	<set xpath="/items/item[@name='apparelBandana']/property[@name='Tags']/@value">head,clothing,canHaveCosmetic,modFaceMask,armor,armorHead,lightArmor,padded,lightArmorDeg</set> 
	<insertBefore xpath="/items/item[@name='apparelBandana']/property[@name='Tags']">
		<property name="Extends" value="armorClothMaster" param1="CustomIcon"/>
		<property name="DisplayType" value="armorLightTempResist"/>
	</insertBefore>
	<remove xpath="/items/item[@name='apparelBandana']/effect_group/passive_effect[@name='ModSlots']" />
	<insertAfter xpath="/items/item[@name='apparelBandana']/effect_group/passive_effect[@name='HypothermalResist']">
		<passive_effect name="ModSlots" operation="base_set" value="1,1,2,2,3,4" tier="1,2,3,4,5,6"/>
		<passive_effect name="ModPowerBonus" operation="base_add" value="300" tags="EconomicValue"/>
		<passive_effect name="DegradationMax" operation="base_set" value="75,150" tier="1,6"/>
		<passive_effect name="DegradationPerUse" operation="base_set" value="1" tags="lightArmorDeg"/>
		<display_value name="dStaminaChangeOT" value="0"/>
		
	</insertAfter>
	<set xpath="/items/item[@name='apparelBandana']/effect_group/@tiered">true</set>
</configs>
