<config>
	<insertBefore xpath="/lootcontainers/lootgroup[@name='clothingTestLoot']/item[@name='armorClothBoots']">
		<item name="apparelBandana" mods="modFaceMask" mod_chance=".25"/>
		<item name="apparelBandana" mods="modFaceMask1" mod_chance=".25"/>
		<item name="apparelBandana" mods="modFaceMask2" mod_chance=".25"/>
		<item name="apparelBandana" mods="modFaceMask3" mod_chance=".25"/>
		<item name="apparelBandana" mods="modFaceMask4" mod_chance=".25"/>
		<item name="apparelBandana" mods="modFaceMask5" mod_chance=".25"/>
		<item name="apparelBandana" mods="modFaceMask6" mod_chance=".25"/>
		<item name="apparelBandana" mods="modFaceMask7" mod_chance=".25"/>
		<item name="apparelBandana" mods="modFaceMask8" mod_chance=".25"/>	
	</insertBefore>
	
	<insertAfter xpath="/lootcontainers/lootcontainer[@id='48']/item[@group='groupPurse']">
		<item name="apparelBandana" mods="modFaceMask" mod_chance=".25"/>
		<item name="apparelBandana" mods="modFaceMask1" mod_chance=".25"/>
		<item name="apparelBandana" mods="modFaceMask2" mod_chance=".25"/>
		<item name="apparelBandana" mods="modFaceMask3" mod_chance=".25"/>
		<item name="apparelBandana" mods="modFaceMask4" mod_chance=".25"/>
		<item name="apparelBandana" mods="modFaceMask5" mod_chance=".25"/>
		<item name="apparelBandana" mods="modFaceMask6" mod_chance=".25"/>
		<item name="apparelBandana" mods="modFaceMask7" mod_chance=".25"/>
		<item name="apparelBandana" mods="modFaceMask8" mod_chance=".25"/>
	</insertAfter>
	
	<insertAfter xpath="/lootcontainers/lootcontainer[@id='114']/item[@group='groupMedicalPileSmall']">
		<item name="apparelBandana" mods="modFaceMask" mod_chance=".35"/>
		<item name="apparelBandana" mods="modFaceMask1" mod_chance=".25"/>
		<item name="apparelBandana" mods="modFaceMask2" mod_chance=".25"/>
		<item name="apparelBandana" mods="modFaceMask3" mod_chance=".25"/>
		<item name="apparelBandana" mods="modFaceMask4" mod_chance=".25"/>
		<item name="apparelBandana" mods="modFaceMask5" mod_chance=".25"/>
		<item name="apparelBandana" mods="modFaceMask6" mod_chance=".25"/>
		<item name="apparelBandana" mods="modFaceMask7" mod_chance=".25"/>
		<item name="apparelBandana" mods="modFaceMask8" mod_chance=".35"/>
	</insertAfter>
	
	<insertAfter xpath="/lootcontainers/lootcontainer[@id='115']/item[@group='groupMedicalPileMed']">
		<item name="apparelBandana" mods="modFaceMask" mod_chance=".35"/>
		<item name="apparelBandana" mods="modFaceMask1" mod_chance=".25"/>
		<item name="apparelBandana" mods="modFaceMask2" mod_chance=".25"/>
		<item name="apparelBandana" mods="modFaceMask3" mod_chance=".25"/>
		<item name="apparelBandana" mods="modFaceMask4" mod_chance=".55"/>
		<item name="apparelBandana" mods="modFaceMask5" mod_chance=".25"/>
		<item name="apparelBandana" mods="modFaceMask6" mod_chance=".75"/>
		<item name="apparelBandana" mods="modFaceMask7" mod_chance=".25"/>
		<item name="apparelBandana" mods="modFaceMask8" mod_chance=".35"/>
	</insertAfter>
	
	<insertAfter xpath="/lootcontainers/lootcontainer[@id='116']/item[@group='groupMedicalPileLarge']">
		<item name="apparelBandana" mods="modFaceMask" mod_chance=".35"/>
		<item name="apparelBandana" mods="modFaceMask1" mod_chance=".35"/>
		<item name="apparelBandana" mods="modFaceMask2" mod_chance=".25"/>
		<item name="apparelBandana" mods="modFaceMask3" mod_chance=".45"/>
		<item name="apparelBandana" mods="modFaceMask4" mod_chance=".25"/>
		<item name="apparelBandana" mods="modFaceMask5" mod_chance=".25"/>
		<item name="apparelBandana" mods="modFaceMask6" mod_chance=".25"/>
		<item name="apparelBandana" mods="modFaceMask7" mod_chance=".25"/>
		<item name="apparelBandana" mods="modFaceMask8" mod_chance=".35"/>
	</insertAfter>

	<insertAfter xpath="/lootcontainers/lootgroup[@name='groupApparelClothes']/item[@group='groupApparelSuit']">
		<item name="apparelBandana" mods="modFaceMask" mod_chance=".35"/>
		<item name="apparelBandana" mods="modFaceMask1" mod_chance=".35"/>
		<item name="apparelBandana" mods="modFaceMask2" mod_chance=".25"/>
		<item name="apparelBandana" mods="modFaceMask3" mod_chance=".45"/>
		<item name="apparelBandana" mods="modFaceMask4" mod_chance=".25"/>
		<item name="apparelBandana" mods="modFaceMask5" mod_chance=".25"/>
		<item name="apparelBandana" mods="modFaceMask6" mod_chance=".25"/>
		<item name="apparelBandana" mods="modFaceMask7" mod_chance=".25"/>
		<item name="apparelBandana" mods="modFaceMask8" mod_chance=".35"/>
	</insertAfter>






</config>