<configs>
	<set xpath="/items/item[@name='gunCrossbow']/property[@class='Action0']/property[@name='Magazine_items']/@value">ammoCrossbowBoltStone,ammoCrossbowBoltIron, ammoCrossbowBoltSteelAP, ammoCrossbowBoltExploding, ammoCandyBolt</set>
	
	<append xpath="/items">
		<item name="ammoCandyBolt">
			<property name="CustomIcon" value="CandyBolt"/>
			<property name="Extends" value="ammoCrossbowBoltIron"/>
			<property name="Meshfile" value="#@modfolder:Resources/canebolt.unity3d?cane.prefab"/>
			<property name="IsSticky" value="true"/>
			<property name="StickyOffset" value="0.05"/>
			<property name="HoldType" value="36"/>
			<property name="HandMeshfile" value="Items/Misc/sackPrefab"/>
			<property name="DropMeshfile" value="Items/Misc/sack_droppedPrefab"/>
			<property name="EconomicValue" value="57"/>
			<property name="EconomicBundleSize" value="5"/>
			<property name="Damage_type" value="Piercing"/>
			<property class="Attributes">
				<property name="GetQualityFromWeapon" value="true"/>
			</property>
		<effect_group name="Base Effects" tiered="false"> <!-- ammoCrossbowBoltSteelAP -->
			<passive_effect name="EntityDamage" operation="base_set" value="40"/>
			<passive_effect name="BlockDamage" operation="base_set" value="6"/>
			<passive_effect name="BlockDamage" operation="perc_set" value="0.1" tags="wood"/>
			<passive_effect name="BlockDamage" operation="perc_set" value="0" tags="earth,metal,cloth"/>
			<passive_effect name="ProjectileVelocity" operation="base_set" value="82.5"/>
			<passive_effect name="ProjectileStickChance" operation="perc_set" value="0" tags="glass"/>
		</effect_group>
		</item>
	</append>
</configs>