<?xml version="1.0" encoding="utf-8"?>
<configs>
	<set xpath="/items/item/effect_group/passive_effect[@name='CraftingTime']/@value">-1</set>
	<append xpath="/items/item[@name='medicalBandage']">
	<property name="CraftingIngredientTime" value="0"/>
	</append>
	<set xpath="/items/item/property[@name='CraftingIngredientTime']/@value">0</set>
	<!--<set xpath="/items/item[@name='medicalSnowberryExtract']/property[@name='CraftingIngredientTime']/@value">0</set>
	<set xpath="/items/item[@name='foodMoldyBread']/property[@name='CraftingIngredientTime']/@value">0</set>
	<set xpath="/items/item[@name='foodShamSandwich']/property[@name='CraftingIngredientTime']/@value">0</set>
	<set xpath="/items/item[@name='foodSteakAndPotato']/property[@name='CraftingIngredientTime']/@value">0</set>
	<set xpath="/items/item[@name='foodFishTacos']/property[@name='CraftingIngredientTime']/@value">0</set>
	<set xpath="/items/item[@name='foodRawMeat']/property[@name='CraftingIngredientTime']/@value">0</set>
	<set xpath="/items/item[@name='foodRottingFlesh']/property[@name='CraftingIngredientTime']/@value">0</set>
	<set xpath="/items/item[@name='foodCornMeal']/property[@name='CraftingIngredientTime']/@value">0</set>	
	<set xpath="/items/item[@name='foodCropBlueberries']/property[@name='CraftingIngredientTime']/@value">0</set>
    <set xpath="/items/item[@name='foodCropCorn']/property[@name='CraftingIngredientTime']/@value">0</set>
	<set xpath="/items/item[@name='foodCropGraceCorn']/property[@name='CraftingIngredientTime']/@value">0</set>
	<set xpath="/items/item[@name='foodCropPotato']/property[@name='CraftingIngredientTime']/@value">0</set>
	<set xpath="/items/item[@name='foodCropMushrooms']/property[@name='CraftingIngredientTime']/@value">0</set>
	<set xpath="/items/item[@name='drinkCanEmpty']/property[@name='CraftingIngredientTime']/@value">0</set>
	<set xpath="/items/item[@name='drinkCanRiverWater']/property[@name='CraftingIngredientTime']/@value">0</set>
	<set xpath="/items/item[@name='drinkCanBoiledWater']/property[@name='CraftingIngredientTime']/@value">0</set>
	<set xpath="/items/item[@name='drinkJarEmpty']/property[@name='CraftingIngredientTime']/@value">0</set>
	<set xpath="/items/item[@name='drinkJarRiverWater']/property[@name='CraftingIngredientTime']/@value">0</set>
	<set xpath="/items/item[@name='drinkJarBoiledWater']/property[@name='CraftingIngredientTime']/@value">0</set>
	<set xpath="/items/item[@name='drinkJarSnowberryJuice']/property[@name='CraftingIngredientTime']/@value">0</set>
	<set xpath="/items/item[@name='resourceRockSmall']/property[@name='CraftingIngredientTime']/@value">0</set>
	<set xpath="/items/item[@name='resourceWood']/property[@name='CraftingIngredientTime']/@value">0</set>
	<set xpath="/items/item[@name='resourceScrapIron']/property[@name='CraftingIngredientTime']/@value">0</set>
	<set xpath="/items/item[@name='resourceForgedIron']/property[@name='CraftingIngredientTime']/@value">0</set>
	<set xpath="/items/item[@name='resourceForgedSteel']/property[@name='CraftingIngredientTime']/@value">0</set>
	<set xpath="/items/item[@name='resourceScrapPolymers']/property[@name='CraftingIngredientTime']/@value">0</set>
	<set xpath="/items/item[@name='resourceLeather']/property[@name='CraftingIngredientTime']/@value">0</set>
	<set xpath="/items/item[@name='resourceAnimalFat']/property[@name='CraftingIngredientTime']/@value">0</set>
	<set xpath="/items/item[@name='resourceTallow']/property[@name='CraftingIngredientTime']/@value">0</set>
	<set xpath="/items/item[@name='resourceTestosteroneExtract']/property[@name='CraftingIngredientTime']/@value">0</set>
	<set xpath="/items/item[@name='resourceCropHopsFlower']/property[@name='CraftingIngredientTime']/@value">0</set>
	<set xpath="/items/item[@name='resourceCropAloeLeaf']/property[@name='CraftingIngredientTime']/@value">0</set>
	<set xpath="/items/item[@name='resourceCropChrysanthemumPlant']/property[@name='CraftingIngredientTime']/@value">0</set>
	<set xpath="/items/item[@name='resourceCropCottonPlant']/property[@name='CraftingIngredientTime']/@value">0</set>
	<set xpath="/items/item[@name='resourceCropGoldenrodPlant']/property[@name='CraftingIngredientTime']/@value">0</set>
	<set xpath="/items/item[@name='resourceCropCoffeeBeans']/property[@name='CraftingIngredientTime']/@value">0</set>
	<set xpath="/items/item[@name='resourceCropSnowberryPlant']/property[@name='CraftingIngredientTime']/@value">0</set>
	<set xpath="/items/item[@name='resourceClayLump']/property[@name='CraftingIngredientTime']/@value">0</set>
	<set xpath="/items/item[@name='resourceMilitaryFiber']/property[@name='CraftingIngredientTime']/@value">0</set>
	<set xpath="/items/item[@name='resourceElectricParts']/property[@name='CraftingIngredientTime']/@value">0</set>
	<set xpath="/items/item[@name='resourceElectronicParts']/property[@name='CraftingIngredientTime']/@value">0</set>
	<set xpath="/items/item[@name='resourceMechanicalParts']/property[@name='CraftingIngredientTime']/@value">0</set>
	<set xpath="/items/item[@name='resourceInsulator']/property[@name='CraftingIngredientTime']/@value">0</set>
	<set xpath="/items/item[@name='resourceCoal']/property[@name='CraftingIngredientTime']/@value">0</set>
	<set xpath="/items/item[@name='resourcePotassiumNitratePowder']/property[@name='CraftingIngredientTime']/@value">0</set>
	<set xpath="/items/item[@name='resourceSilverNugget']/property[@name='CraftingIngredientTime']/@value">0</set>
	<set xpath="/items/item[@name='resourceGoldNugget']/property[@name='CraftingIngredientTime']/@value">0</set>
	<set xpath="/items/item[@name='resourceRawDiamond']/property[@name='CraftingIngredientTime']/@value">0</set>
	<set xpath="/items/item[@name='unit_iron']/property[@name='CraftingIngredientTime']/@value">0</set> -->

</configs>