<configs>
	<append xpath= "/items">
		<item name="DecoyAlarm"> <!-- scrap material -->
			<property name="CustomIcon" value="Alarm"/>
			<property name="Class" value="ItemClassTimeBomb"/>
			<property name="ThrowableDecoy" value="true"/>
			<property name="HoldType" value="40"/>
			<property name="Meshfile" value="#@modfolder:Resources/Decoy.unity3d?Decoy.prefab"/>
			<property name="DropScale" value="1"/>
			<property name="Material" value="Mmetal"/>
			<property name="Stacknumber" value="6"/> <!-- STK resource -->
			<property name="CanPickup" value="false"/>
			<property name="RepairAmount" value="300"/>
			<property name="RepairTime" value="0.5"/>
			<property name="Weight" value="3"/>
			<property name="EconomicValue" value="50"/>
			<property name="EconomicBundleSize" value="50"/>
			<property name="FuelValue" value="35"/>
			<property name="LightValue" value="0.35"/>
			<property name="LightSource" value="lightSource"/>
			<property name="AlwaysActive" value="false"/>
			<property name="Explosion.ParticleIndex" value="10"/>
			<property name="Explosion.RadiusBlocks" value="3"/>
			<property name="Explosion.RadiusEntities" value="4"/>
			<property name="Explosion.RadiusBuffs" value="3"/> <!-- int, default is same as RadiusBlocks -->
			<property name="Explosion.BlastPower" value="55"/>
			<property name="Explosion.DamageBonus.stone" value="0.1"/>
			<property name="Explosion.DamageBonus.metal" value="0"/>
			<property name="Explosion.DamageBonus.earth" value="0"/>
			<property name="Explosion.DamageBonus.water" value="0"/>
			<property name="Explosion.DamageBonus.wood" value="6"/>
			<property name="FuseTime" value="15"/> <!-- how long it will sit on the ground before self destruct -->
			<property name="ExplodeOnHit" value="false"/>
			<property class="Action0">
				<property name="Class" value="ThrowAway"/>
				<property name="Particles_muzzle_fire" value="Smoke_Unlit"/>
				<property name="Delay" value="1.2"/> <!-- obsolete if rounds per minute exists -->
				<property name="Throw_strength_default" value="15"/>
				<property name="Throw_strength_max" value="35"/>
				<property name="Max_strain_time" value="1.0"/>
				<property name="Sound_start" value="DecoyAlarm"/>
			</property>	
			<property class="Action1"> <!-- UseAction -->
				<property name="Class" value="Activate"/>
				<property name="ActivateObject" value="lightSource"/>
				<property name="Sound_start" value="weapon_empty"/>
				<property name="Particles_muzzle_fire" value="signal_flarePrefab"/>				
				<property name="Delay" value="1"/> 
			</property>
			<property name="Group" value="Resources"/>
			<property name="CraftingIngredientTime" value="0.5"/>
			<property name="DistractionTags" value="zombie,animal"/>
			<effect_group name="Base Effects" tiered="false">
				<passive_effect name="DistractionRadius" operation="base_set" value="100"/>
				<passive_effect name="DistractionLifetime" operation="base_set" value="13"/>
				<passive_effect name="DistractionStrength" operation="base_set" value="100"/>
				<passive_effect name="DegradationMax" operation="base_set" value="100,200"/>
				<passive_effect name="DegradationPerUse" operation="base_set" value="50"/>
				<triggered_effect trigger="onSelfItemActivate" action="AttachParticleEffectToEntity" target="self" particle="p_impact_bullet_on_metal" local_offset="0,0.75,0"/> 
			</effect_group>
		</item>
	</append>
</configs>	