<configs>

        <append xpath="/Sounds">

                       <SoundDataNode name="DecoyAlarm"> <AudioSource name="Sounds/AudioSource_Interact"/>
					   <AudioClip ClipName="#@modfolder:Resources/Alarm.unity3d?Alarm"/>
					   <LocalCrouchVolumeScale value="0.5"/> <CrouchNoiseScale value="1"/> <NoiseScale value="1"/> <MaxVoices value="10"/> <MaxRepeatRate value="0.001"/>
					   <Noise ID="5" noise="120" time="4" heat_map_strength="5" heat_map_time="300"/>
                       </SoundDataNode>

        </append>

       

</configs>
