<configs>
	<append xpath="/items">

	<!-- Sonic's running shoes A17 -->

	<!-- ITEMS.XML -->

		<item name="sonicrunningShoes">
			<property name="CustomIcon" value="runningShoes"/>
			<property name="CustomIconTint" value="a0a0ff"/>
			<property name="Extends" value="armorLeatherBoots"/>
			<property name="Tags" value="lowerbody,feet,clothing"/>
			<property name="DisplayType" value="clothing"/>
			<property name="Stacknumber" value="1"/>
			<property name="Weight" value="25"/>
			<property name="Encumbrance" value="0.02"/>
			<property name="Stacknumber" value="1"/>
			<property class="UMA">
				<property name="Mesh" value="running_shoes"/>
				<property name="Overlay0" value="running_shoes"/>
			</property>
			<property name="EconomicValue" value="200"/>
			<effect_group tiered="false">
				<passive_effect name="ModSlots" operation="base_set" value="1"/>
				<passive_effect name="HypothermalResist" operation="base_add" value="3"/>
				<passive_effect name="HyperthermalResist" operation="base_add" value="2"/>
				<passive_effect name="WalkSpeed" operation="base_add" value="1.65"/>
				<passive_effect name="RunSpeed" operation="base_add" value="4"/>
			</effect_group>
		</item>
	</append>
</configs>