<configs>
	<append xpath="/buffs">
		<buff name="buffAcid" description_key="buffAcidDesc" tooltip_key="buffAcidTooltip" icon="ui_game_symbol_radiation" name_key="buffAcidName" icon_color="0,255,0">
		<damage_type value="radiation"/>
		<stack_type value="replace"/>
		<duration value="4.5"/>
		<effect_group>
			<passive_effect name="HealthChangeOT" operation="base_add" value="-8"/>
			<passive_effect name="RunSpeed" operation="perc_subtract" value="0.9,0" duration="0,3.2"/>
			<passive_effect name="WalkSpeed" operation="perc_subtract" value="0.9,0" duration="0,3.2"/>
			<passive_effect name="CrouchSpeed" operation="perc_subtract" value="0.9,0" duration="0,3.2"/>
			<passive_effect name="JumpStrength" operation="perc_subtract" value="0.9,0" duration="0,3.2"/>

			<triggered_effect trigger="onSelfBuffStart" action="AttachParticleEffectToEntity" particle="p_big_smoke" target="self"/>
			<triggered_effect trigger="onSelfEnteredGame" action="AttachParticleEffectToEntity" particle="p_big_smoke" target="self"/>

			<triggered_effect trigger="onSelfDied" action="RemoveParticleEffectFromEntity" particle="p_big_smoke" />

			<triggered_effect trigger="onSelfBuffFinish" action="RemoveParticleEffectFromEntity" particle="p_big_smoke" />
			<triggered_effect trigger="onSelfBuffRemove" action="RemoveParticleEffectFromEntity" particle="p_big_smoke" />
			<triggered_effect trigger="onSelfLeaveGame" action="RemoveParticleEffectFromEntity" particle="p_big_smoke" />

			<triggered_effect trigger="onSelfBuffStart" action="PlaySound" target="self" sound="Sounds/Campfire/campfire_cook_click" />
			<triggered_effect trigger="onSelfBuffRemove" action="FadeOutSound" target="self" sound="Sounds/Campfire/campfire_cook_click" />
			<triggered_effect trigger="onSelfLeaveGame" action="StopSound" target="self" sound="Sounds/Campfire/campfire_cook_click" />
		</effect_group>
	    </buff>
	</append>
</configs>