<configs>
	<append xpath="/item_modifiers">
	
		<item_modifier name="modMeleeClubAcidShaft" installable_tags="melee" modifier_tags="fire" type="attachment" rarity="0.5">
		<property name="Stacknumber" value="1"/>

		<property name="CustomIcon" value="resourceClayLump"/> <property name="CustomIconTint" value="100,255,100"/> <!-- temp icon -->
		
		<item_property_overrides name="*">
			<property name="TintColor" value="0,255,0"/>
			<property name="CustomIconTint" value="51,92,65"/>
			<property name="UMA.Overlay0Tint" value="51,92,65"/>
		</item_property_overrides>

		<effect_group tiered="false" name="Power Attack">
			<requirement name="RandomRoll" seed_type="Random" target="self" min_max="0,100" operation="LTE" value="30"/>
			<triggered_effect trigger="onSelfAttackedOther" action="AddBuff" target="other" buff="buffAcid"/>
		</effect_group>

		<effect_group tiered="false" name="SpecialEffects">
			<passive_effect name="HypothermalResist" operation="base_add" value="4"/>
			<triggered_effect trigger="onSelfHoldingItemCreated" action="AttachParticleEffectToEntity" particle="RadiatedParticlesOnMesh" target= "self" local_offset="0,0.3,0" parent_transform="Gunjoint"/>
			<triggered_effect trigger="onSelfEquipStop" action="RemoveParticleEffectFromEntity" particle="RadiatedParticlesOnMesh" target= "self" local_offset="0,0.3,0" parent_transform="Gunjoint"/>
			<triggered_effect trigger="onSelfDied" action="RemoveParticleEffectFromEntity" particle="RadiatedParticlesOnMesh" target= "self" local_offset="0,0.3,0" parent_transform="Gunjoint"/>
		</effect_group>
		<property name="PickupJournalEntry" value="augmentGunsTip"/>
		</item_modifier>

	</append>

</configs>