<configs>

	<set xpath="/items/item[@name='gunWoodenBow']/property[@class='Action0']/property[@name='Magazine_items']/@value">ammoArrowStone,ammoArrowIron,ammoArrowSteelAP,ammoArrowFlaming,ammoArrowAcid</set>	
	<set xpath="/items/item[@name='gunCompoundBow']/property[@class='Action0']/property[@name='Magazine_items']/@value">ammoArrowStone,ammoArrowIron,ammoArrowSteelAP,ammoArrowFlaming,ammoArrowAcid</set>
	
	<append xpath="/items">
		<item name="ammoArrowAcid">
			<property name="Extends" value="ammoArrowIron"/>
			<property name="CustomIcon" value="ammoArrowIron"/>
			<property name="CustomIconTint" value="104,206,104"/>
			<property name="Meshfile" value="Items/Weapons/Ranged/Bows/WoodenBow/bodkinArrowPrefab"/>
			<property name="HoldType" value="45"/>
			<property name="HandMeshfile" value="Items/Misc/sackPrefab"/>
			<property name="DropMeshfile" value="Items/Misc/sack_droppedPrefab"/>
			<property name="StickyMeshFile" value="Items/Weapons/Ranged/Bows/WoodenBow/bodkinArrowPrefab"/>
			<property name="UsableUnderwater" value="true"/>
			<property name="FuelValue" value="27"/>
			<property name="EconomicValue" value="44"/>
			<property name="EconomicBundleSize" value="1"/>
			<property name="Damage_type" value="Heat"/>
			<property name="StickyOffset" value="0.7"/>
			<property class="Action1">
			<property name="Gravity" value="-5"/>
				<property name="DamageBonus.wood" value="1"/>
				<property name="DamageBonus.metal" value="4"/>
				<property name="Buff" value="buffAcid"/>
			</property>

			<effect_group name="Base Effects" tiered="false"> <!-- ammoArrowAcid -->
				<passive_effect name="EntityDamage" operation="base_set" value="28"/>
				<passive_effect name="BlockDamage" operation="base_set" value="6"/>
				<passive_effect name="DamageModifier" operation="perc_set" value="0.1" tags="wood"/>
				<passive_effect name="DamageModifier" operation="perc_set" value="0" tags="earth,metal,cloth"/>
				<passive_effect name="ProjectileVelocity" operation="base_set" value="40"/>
				<passive_effect name="ProjectileStickChance" operation="perc_set" value="0"/>
				<triggered_effect trigger="onSelfHoldingItemCreated" action="AttachParticleEffectToEntity" particle="RadiatedParticlesOnMesh" target= "self" local_offset="0,0.05,0.3" parent_transform="Gunjoint"/>
				<triggered_effect trigger="onSelfEquipStop" action="RemoveParticleEffectFromEntity" particle="RadiatedParticlesOnMesh" target= "self" local_offset="0,0.05,0.3" parent_transform="Gunjoint"/>
				<triggered_effect trigger="onSelfDied" action="RemoveParticleEffectFromEntity" particle="RadiatedParticlesOnMesh" target= "self" local_offset="0,0.05,0.3" parent_transform="Gunjoint"/>
				<passive_effect name="BuffProcChance" operation="base_set" value="1" tags="buffAcid"/>
			</effect_group>
		</item>
	</append>
</configs>