<configs>
	<append xpath="/items">
		<item name="handWhistle">
			<property name="CustomIcon" value="Whistle"/>
			<property name="HoldType" value="9"/>
			<property name="DisplayType" value="food"/>
			<property name="Meshfile" value="Items/Misc/parcelPrefab"/>
			<property name="DropMeshfile" value="Items/Misc/sack_droppedPrefab"/>
			<property name="Material" value="Mmetal"/>
			<property name="Weight" value="5"/>
			<property name="EconomicValue" value="60"/>
			<property name="Stacknumber" value="50"/> <!-- STK food -->
			<property class="Action0">
				<property name="Class" value="Eat"/>
				<property name="Delay" value=".10"/>
				<property name="Use_time" value="..."/>
				<property name="Sound_start" value="PlayerWhistle"/>
				<property name="Create_item" value="handWhistle"/>
			</property>
			<property name="Group" value="Food/Cooking"/>

		</item>
	
	</append>

</configs>