<configs>

        <append xpath="/Sounds">

                       <SoundDataNode name="PlayerWhistle"> <AudioSource name="Sounds/AudioSource_Interact"/>
					   <AudioClip ClipName="#@modfolder:Resources/Whistle.unity3d?Whistle"/>
					   <LocalCrouchVolumeScale name="1.0" /><CrouchNoiseScale name="1" /><NoiseScale name="1" /><MaxVoices name="3" /><MaxRepeatRate name="0.01" />
					   <Noise ID="3" volume="30" time="1" muffled_when_crouched="0.65" heat_map_strength="0.5" heat_map_time="30"/>
                       </SoundDataNode>

        </append>

       

</configs>
