<configs>
	<append xpath="/blocks">
		<block name="mineNailcan">
			<property name="Class" value="Mine"/> <!-- a mine destroyed by an *explosion* only has a 33% chance to detonate -->
			<property name="Material" value="MLandMine"/>
			<property name="Shape" value="ModelEntity" />
			<property name="Model" value="#@modfolder:Resources/nailcanBomb.unity3d?nailcanBombJoined" />
			<property name="IsTerrainDecoration" value="true"/>
			<property name="Collide" value="movement,melee,bullet,arrow,rocket"/>
			<property name="Stacknumber" value="40"/> <!-- STK explosives -->
			<property name="MaxDamage" value="4"/>
			<property name="Explosion.ParticleIndex" value="1"/>
			<property name="Explosion.RadiusBlocks" value="2"/>
			<property name="Explosion.RadiusEntities" value="4"/>
			<property name="Explosion.BlockDamage" value="25"/>
			<property name="Explosion.EntityDamage" value="75"/> <!-- damage for entities in the center of the explosion. Zombies take 2x this damage. -->
			<property name="Explosion.DamageBonus.stone" value="0.1"/>
			<property name="Explosion.DamageBonus.metal" value="0.1"/>
			<property name="Explosion.DamageBonus.earth" value="0"/>
			<property name="Explosion.DamageBonus.wood" value="0.3"/>
			<property name="Explosion.DamageBonus.water" value="0"/>
			<property name="CanPickup" value="false"/>
	<!-- <property name="DropScale" value="3"/>  SUPPOSEDLY works (again) but since all blocks use the bag as a drop mesh by default...
	it  won't do anything interesting unless a specific drop mesh is declared. -->
			<drop event="Destroy" count="0"/>
			<property name="Group" value="Science"/>
			<property name="EconomicValue" value="97"/>
			<property name="FilterTags" value="fdecor,ftraps"/>
			<property name="SortOrder1" value="70g0"/>
			<property name="BuffsWhenWalkedOn" value="buffnailcanbleeding"/>
		</block>
	</append>
</configs>
