<configs>
	<append xpath="/buffs">
		<buff name="buffnailcanbleeding"  name_key="buffInternalBleedingName" description_key="buffInternalBleedingDesc" tooltip_key="buffInternalBleedingTooltip" icon="ui_game_symbol_critical" icon_color="255,0,0" icon_blink="true">
			<damage_type value="bloodloss"/>
			<stack_type value="ignore"/>
			<duration value="60"/>

			<effect_group>
				<passive_effect name="HealthChangeOT" operation="base_subtract" value="1,5,200" duration="0,3,60"/>
				<triggered_effect trigger="onSelfDied" action="RemoveBuff" buff="buffnailcanbleeding"/>
				<triggered_effect trigger="onSelfBuffStart" action="PlaySound" target="self" sound="mp5_fire"/>
			</effect_group>
		</buff>
	</append>
</configs>