<configs>
	<set xpath="/items/item[@name='medicalFirstAidBandage']/effect_group/triggered_effect[@trigger='onSelfPrimaryActionEnd'][@action='RemoveBuff']/@buff">buffInjuryBleeding,buffnailcanbleeding</set>
	<set xpath="/items/item[@name='medicalFirstAidBandage']/effect_group/triggered_effect[@trigger='onSelfSecondaryActionEnd'][@action='RemoveBuff']/@buff">buffInjuryBleeding,buffnailcanbleeding</set>
	
	<set xpath="/items/item[@name='medicalFirstAidKit']/effect_group/triggered_effect[@trigger='onSelfPrimaryActionEnd'][@action='RemoveBuff']/@buff">buffInjuryBleeding,buffnailcanbleeding</set>
	<set xpath="/items/item[@name='medicalFirstAidKit']/effect_group/triggered_effect[@trigger='onSelfSecondaryActionEnd'][@action='RemoveBuff']/@buff">buffInjuryBleeding,buffnailcanbleeding</set>
	
	<set xpath="/items/item[@name='medicalBandage']/effect_group/triggered_effect[@trigger='onSelfPrimaryActionEnd'][@action='RemoveBuff']/@buff">buffInjuryBleeding,buffnailcanbleeding</set>
	<set xpath="/items/item[@name='medicalBandage']/effect_group/triggered_effect[@trigger='onSelfSecondaryActionEnd'][@action='RemoveBuff']/@buff">buffInjuryBleeding,buffnailcanbleeding</set>
	
	
	<append xpath="/items">
		<item name="nailcanMine">
			<property name="CustomIcon" value="nailcanicon"/>
			<property name="Meshfile" value="#@modfolder:Resources/nailcan.unity3d?nailcanBombHold.prefab"/>
			<property name="HoldType" value="40"/>
	    	<property name="DropMeshfile" value="Items/Misc/sack_droppedPrefab"/>
			<property name="Material" value="MresourceHubcap"/>
			<property name="Stacknumber" value="250"/> <!-- STK loot -->
			<property name="Weight" value="20"/>
		<property class="Action1">
			<property name="Class" value="PlaceAsBlock"/>
			<property name="Delay" value="0.5"/>
			<property name="Blockname" value="mineNailcan"/>
		</property>
		<property name="EconomicValue" value="10"/>
		<property name="Group" value="Tools/Traps"/>
		</item>
	</append>
</configs>