<configs>
	<append xpath="/items">
		<item name="tridentSpear">
		<property name="CustomIcon" value="Spear"/>
		<property name="Tags" value="melee,medium,perkDeepCuts"/>
		<property name="Extends" value="meleeToolShovelStone"/>
		<property name="Meshfile" value="#@modfolder:Resources/Trispear.unity3d?trispear.prefab"/>
		<property name="Material" value="Mmetal"/>
		<property name="RepairTools" value="resourceForgedIron"/>
		<property name="FuelValue" value="250"/>
		<property name="EconomicValue" value="240"/>
		<property name="SellableToTrader" value="true"/>
		<property name="Damage_type" value="Piercing"/>
	

		<effect_group name="Base Effects">
			<passive_effect name="MaxRange" operation="base_set" value="3.4"/>
			<passive_effect name="BlockRange" operation="base_set" value="4"/>
			<passive_effect name="EntityDamage" operation="base_set" value="43"/> <!-- meleeTridentSpear -->
			<passive_effect name="BlockDamage" operation="base_set" value="5"/>
			<passive_effect name="DamageModifier" operation="perc_add" value="-.8" tags="wood"/>
			<passive_effect name="DamageModifier" operation="perc_add" value="0" tags="earth"/>
			<passive_effect name="DamageModifier" operation="perc_add" value="-.9" tags="stone"/>
			<passive_effect name="DamageModifier" operation="perc_add" value="-.9" tags="metal"/>
			<passive_effect name="AttacksPerMinute" operation="base_set" value="50"/>
			<passive_effect name="StaminaLoss" operation="base_set" value="18.8" tags="primary"/>
			<passive_effect name="DegradationMax" operation="base_set" value="200,800" tier="1,6"/>
			<passive_effect name="ModSlots" operation="base_set" value="0,5" tier="1,6"/>
			<passive_effect name="ModPowerBonus" operation="perc_add" value=".15" tags="EntityDamage,BlockDamage"/>
			<passive_effect name="ModPowerBonus" operation="base_add" value="200" tags="EconomicValue"/>
		</effect_group>
		<effect_group name="Power Attack">
			<passive_effect name="EntityDamage" operation="perc_add" value="1" tags="secondary"/>
			<passive_effect name="BlockDamage" operation="perc_add" value="1" tags="secondary"/>
			<passive_effect name="AttacksPerMinute" operation="perc_add" value="-.3" tags="secondary"/>
			<passive_effect name="StaminaLoss" operation="base_add" value="38" tags="secondary"/>
		</effect_group>
		<property name="Group" value="Ammo/Weapons"/>
		</item>
	</append>
</configs>	