<configs>
	<append xpath="/items">
	
	<item name="tridentSpear"> <!-- T3 javelins -->
	<property name="Extends" value="meleeThrownSpearIron"/>
	<property name="CustomIcon" value="Spear"/>
	<property name="Meshfile" value="#@modfolder:Resources/Trispear.unity3d?trispear18.prefab"/>
	<property name="Material" value="MmeleeThrownSpearSteel"/>
	<property name="StickyMaterial" value="#Other/Items?Weapons/Melee/Spear/Materials/spearIron_sticky.mat"/>
	<property name="Weight" value="4"/>
	<property name="EconomicValue" value="700"/>
	<property name="UnlockedBy" value="meleeThrownSpearSteelSchematic"/>

	<effect_group name="meleeThrownSpearSteel">
		<passive_effect name="MaxRange" operation="base_set" value="3.2"/>
		<passive_effect name="BlockRange" operation="base_set" value="4"/>
		<passive_effect name="EntityDamage" operation="base_set" value="18.6"/> <!-- meleeThrownSpearSteel -->
		<passive_effect name="EntityDamage" operation="perc_add" value="-.15,.15"/> <!-- random rng -->
		<passive_effect name="EntityDamage" operation="perc_add" value=".1,.5" tier="2,6"/> <!-- tier bonus -->

		<passive_effect name="BlockDamage" operation="base_set" value="9"/>
		<passive_effect name="BlockDamage" operation="perc_add" value="-.15,.15"/> <!-- random BlockDmg -->
		<passive_effect name="BlockDamage" operation="perc_add" value=".1,.5" tier="2,6"/> <!-- tier bonus -->

		<passive_effect name="AttacksPerMinute" operation="base_set" value="55"/>
		<passive_effect name="DamageModifier" operation="perc_add" value="-.8" tags="wood"/>
		<passive_effect name="DamageModifier" operation="perc_add" value="-.9" tags="stone"/>
		<passive_effect name="DamageModifier" operation="perc_add" value="-.9" tags="metal"/>
		<passive_effect name="StaminaLoss" operation="base_set" value="15.3" tags="primary"/>
		<passive_effect name="DegradationMax" operation="base_set" value="3000,7000" tier="1,6" tags="perkJavelinMaster"/>
		<passive_effect name="DegradationPerUse" operation="base_set" value="10" tags="perkJavelinMaster"/>
		<passive_effect name="ModSlots" operation="base_set" value="1,1,2,2,3,4" tier="1,2,3,4,5,6"/>
		<passive_effect name="ModPowerBonus" operation="perc_add" value=".10" tags="EntityDamage,BlockDamage"/>
		<passive_effect name="ModPowerBonus" operation="base_add" value="200" tags="EconomicValue"/>

		<passive_effect name="HarvestCount" operation="base_add" value="-.75" tags="allHarvest"/>
		<passive_effect name="HarvestCount" operation="base_add" value="-.75" tags="allToolsHarvest"/>
		<passive_effect name="HarvestCount" operation="base_add" value="-.75" tags="oreWoodHarvest"/>
	</effect_group>
	<effect_group name="Throw">
		<passive_effect name="EntityDamage" operation="perc_add" value="2.85" tags="secondary"/>
		<passive_effect name="BlockDamage" operation="perc_add" value="2.85" tags="secondary"/>
		<passive_effect name="StaminaLoss" operation="base_add" value="30.5" tags="secondary"/>
	</effect_group>
	<property name="Group" value="Ammo/Weapons"/>
</item>
	
	
	</append>
</configs>	